file_index,url,rows,rows_sampled,sample_fraction_effective,sample_data_bytes,sample_data_sha256,etag,content_range,header_prefix_sha256
0,https://portal.nersc.gov/cfs/cosmo/data/legacysurvey/dr11/randoms/randoms-1-0.fits,78254890,1565097,0.019999989776996685,544653756,01fc7afcce3b3f0479a91ac33360469f469716ccff61deb1ed0d780d1321eba5,"""657328680-653961ef77e80""",bytes 28800-544682555/27232732800,110712e1b80d9ee2155ddc4a42e7f79afa12769e94960f9d45725e240bb46f3b
1,https://portal.nersc.gov/cfs/cosmo/data/legacysurvey/dr11/randoms/randoms-1-1.fits,78254890,1565097,0.019999989776996685,544653756,d5acb6b4569900931d9cc702dfeafa0d37383e392a9a4f6d2555e09b8d145d8a,"""657328680-653964cec0540""",bytes 28800-544682555/27232732800,110712e1b80d9ee2155ddc4a42e7f79afa12769e94960f9d45725e240bb46f3b
2,https://portal.nersc.gov/cfs/cosmo/data/legacysurvey/dr11/randoms/randoms-1-2.fits,78254890,1565097,0.019999989776996685,544653756,730b3b137a96989b9ca371d51f9192fa830e13235825f75475519f832a918b41,"""657328680-65396528658c0""",bytes 28800-544682555/27232732800,110712e1b80d9ee2155ddc4a42e7f79afa12769e94960f9d45725e240bb46f3b
3,https://portal.nersc.gov/cfs/cosmo/data/legacysurvey/dr11/randoms/randoms-1-3.fits,78254890,1565097,0.019999989776996685,544653756,d417664bcd263c581f725d9bea9493e43efd8e55d4b23f5e384c34dc07357e8c,"""657328680-653965820ac40""",bytes 28800-544682555/27232732800,110712e1b80d9ee2155ddc4a42e7f79afa12769e94960f9d45725e240bb46f3b
4,https://portal.nersc.gov/cfs/cosmo/data/legacysurvey/dr11/randoms/randoms-1-4.fits,78254890,1565097,0.019999989776996685,544653756,80b2c6e4751db1fb9d4fa6f7b612cdba36f4371498d67ebf3f7549763330a9a9,"""657328680-653965d5f7240""",bytes 28800-544682555/27232732800,110712e1b80d9ee2155ddc4a42e7f79afa12769e94960f9d45725e240bb46f3b
5,https://portal.nersc.gov/cfs/cosmo/data/legacysurvey/dr11/randoms/randoms-1-5.fits,78254890,1565097,0.019999989776996685,544653756,7f96795537a5375aaaef8d758d2d2a608d28f0e82f09a0b24f3ea70d9466271c,"""657328680-6539662ea8380""",bytes 28800-544682555/27232732800,110712e1b80d9ee2155ddc4a42e7f79afa12769e94960f9d45725e240bb46f3b
6,https://portal.nersc.gov/cfs/cosmo/data/legacysurvey/dr11/randoms/randoms-1-6.fits,78254890,1565097,0.019999989776996685,544653756,122f85427a3b27f2a929f1ee6386bb6ff45ff2a6bb4b3d418c8dcb3679a3f1e8,"""657328680-6539668a35b80""",bytes 28800-544682555/27232732800,110712e1b80d9ee2155ddc4a42e7f79afa12769e94960f9d45725e240bb46f3b
7,https://portal.nersc.gov/cfs/cosmo/data/legacysurvey/dr11/randoms/randoms-1-7.fits,78254890,1565097,0.019999989776996685,544653756,beb0a2b00b9f8c91d54c0e1af48248a08dab5e035aaaf184c539b26e40ef669b,"""657328680-653966e5c3380""",bytes 28800-544682555/27232732800,110712e1b80d9ee2155ddc4a42e7f79afa12769e94960f9d45725e240bb46f3b
8,https://portal.nersc.gov/cfs/cosmo/data/legacysurvey/dr11/randoms/randoms-1-8.fits,78254890,1565097,0.019999989776996685,544653756,79039c69538a43f9710c62bc48e419141361ab31b2956264a6716959d77a9f67,"""657328680-6539674244dc0""",bytes 28800-544682555/27232732800,110712e1b80d9ee2155ddc4a42e7f79afa12769e94960f9d45725e240bb46f3b
9,https://portal.nersc.gov/cfs/cosmo/data/legacysurvey/dr11/randoms/randoms-1-9.fits,78254890,1565097,0.019999989776996685,544653756,b0016e599b68b8b8b7ee926c42fb357382366467355c9c1e14e8e4ce5167710d,"""657328680-6539678ca7d40""",bytes 28800-544682555/27232732800,110712e1b80d9ee2155ddc4a42e7f79afa12769e94960f9d45725e240bb46f3b
10,https://portal.nersc.gov/cfs/cosmo/data/legacysurvey/dr11/randoms/randoms-1-10.fits,78254890,1565097,0.019999989776996685,544653756,5c365bae71852aa58c579de66e5558b181b89ab2701cba17ac291e2de9d2ce85,"""657328680-6539623bc3280""",bytes 28800-544682555/27232732800,110712e1b80d9ee2155ddc4a42e7f79afa12769e94960f9d45725e240bb46f3b
11,https://portal.nersc.gov/cfs/cosmo/data/legacysurvey/dr11/randoms/randoms-1-11.fits,78254890,1565097,0.019999989776996685,544653756,fa6a098bcc0a36411386775167250e345165f4150a0043b7561084d08b077f1f,"""657328680-65396260f4a40""",bytes 28800-544682555/27232732800,110712e1b80d9ee2155ddc4a42e7f79afa12769e94960f9d45725e240bb46f3b
12,https://portal.nersc.gov/cfs/cosmo/data/legacysurvey/dr11/randoms/randoms-1-12.fits,78254890,1565097,0.019999989776996685,544653756,3ae1adcb4b31a1d9a528e727a908d2953b4da889292b0860dec64ecc7afdb449,"""657328680-653962806d480""",bytes 28800-544682555/27232732800,110712e1b80d9ee2155ddc4a42e7f79afa12769e94960f9d45725e240bb46f3b
13,https://portal.nersc.gov/cfs/cosmo/data/legacysurvey/dr11/randoms/randoms-1-13.fits,78254890,1565097,0.019999989776996685,544653756,b0e1273c7bf5a5e492772fa6f96c77954008e79d863386230806ab272d9b3789,"""657328680-653962c32f200""",bytes 28800-544682555/27232732800,110712e1b80d9ee2155ddc4a42e7f79afa12769e94960f9d45725e240bb46f3b
14,https://portal.nersc.gov/cfs/cosmo/data/legacysurvey/dr11/randoms/randoms-1-14.fits,78254890,1565097,0.019999989776996685,544653756,1f8a429f2d2d9d5c06629e15db75f47ebdc92335ad3fee1f682bcdf8dbc530d6,"""657328680-6539631cd4580""",bytes 28800-544682555/27232732800,110712e1b80d9ee2155ddc4a42e7f79afa12769e94960f9d45725e240bb46f3b
15,https://portal.nersc.gov/cfs/cosmo/data/legacysurvey/dr11/randoms/randoms-1-15.fits,78254890,1565097,0.019999989776996685,544653756,6139ff02b970c0d3fa9acd3dba3b317ba36e32856bd6217b3fbd3b6ac08e79a3,"""657328680-65396358e9340""",bytes 28800-544682555/27232732800,110712e1b80d9ee2155ddc4a42e7f79afa12769e94960f9d45725e240bb46f3b
16,https://portal.nersc.gov/cfs/cosmo/data/legacysurvey/dr11/randoms/randoms-1-16.fits,78254890,1565097,0.019999989776996685,544653756,ea5e1e9fef5a6b86a6efd2bca3e42817626d7e6fbc06790c1b89d8ac8ab771d3,"""657328680-653963a810e00""",bytes 28800-544682555/27232732800,110712e1b80d9ee2155ddc4a42e7f79afa12769e94960f9d45725e240bb46f3b
17,https://portal.nersc.gov/cfs/cosmo/data/legacysurvey/dr11/randoms/randoms-1-17.fits,78254890,1565097,0.019999989776996685,544653756,138c61029ec4cad6d9d67b0553cd50564014b1caa8a3ea4c7503172f41255448,"""657328680-65396402aa3c0""",bytes 28800-544682555/27232732800,110712e1b80d9ee2155ddc4a42e7f79afa12769e94960f9d45725e240bb46f3b
18,https://portal.nersc.gov/cfs/cosmo/data/legacysurvey/dr11/randoms/randoms-1-18.fits,78254890,1565097,0.019999989776996685,544653756,5950f96c2cc0a9ee404e3ebe39a41085acae2631cfacfb92b6d03d34370d50a7,"""657328680-6539645d43980""",bytes 28800-544682555/27232732800,110712e1b80d9ee2155ddc4a42e7f79afa12769e94960f9d45725e240bb46f3b
19,https://portal.nersc.gov/cfs/cosmo/data/legacysurvey/dr11/randoms/randoms-1-19.fits,78254890,1565097,0.019999989776996685,544653756,e0e3d488a1a0ea8f70ec66fbb982e5b2f4d4ad89e830f4cabffe4970686c3dc8,"""657328680-6539647f98a80""",bytes 28800-544682555/27232732800,110712e1b80d9ee2155ddc4a42e7f79afa12769e94960f9d45725e240bb46f3b
