field,dec,lag,sep_arcmin,rho_x,rho_y,rho_diag_ne,rho_diag_nw,null_x,null_y,null_diag_ne,null_diag_nw
f00_ra156_p05,5.0,1,0.2625,0.0560440010669896,0.0500260699352144,0.0304857799669352,0.0331448147029864,-0.0053300984820278,-0.0029000863425943,-0.0081220406242648,-0.0373687220221278
f00_ra156_p05,5.0,2,0.525,0.0301790843493227,0.0309593505919684,0.0101239752226909,0.0050490555180448,0.0118026382766667,-0.0119949356093855,0.0020505643237542,0.0056765317461133
f00_ra156_p05,5.0,4,1.05,0.0234305606624629,0.0204438455844134,-0.005454328566312,0.0094728831233869,-0.0049861801014362,0.0127759499042983,0.0033282644247332,0.0242858507906116
f00_ra156_p05,5.0,8,2.1,0.0189409753546451,0.0143659361695426,-0.0130993010121731,-0.0049091679134846,0.0042339881449144,0.0269610854248987,-0.0102385592010155,0.0131579514049776
f01_ra132_m05,-5.0,1,0.2625,0.1153173317082319,0.0981216041881613,0.0864343066098458,0.0815147518348301,-0.0001632184020187,0.0037344175272769,-0.0069207155423551,-0.0168770739040436
f01_ra132_m05,-5.0,2,0.525,0.0745715435519926,0.0579284302292835,0.0497538958580191,0.042901227920302,0.0042662342413334,-0.0090809189072207,-0.0169905656065789,0.0005310949778146
f01_ra132_m05,-5.0,4,1.05,0.0510398617282359,0.0331165212773322,0.0282438923968405,0.0192104692198063,0.0109405168261907,-0.0055241576622305,0.0068675026810579,-0.0130038972289909
f01_ra132_m05,-5.0,8,2.1,0.0394485013584617,0.0209470763716958,0.0165621626048088,-0.0055142134132756,0.0114756830948404,0.001474120703932,-0.0044096980800883,0.0099773969977414
f02_ra144_p15,15.0,1,0.2625,0.102669479594603,0.1010599662289081,0.0838595021809822,0.0857299922137588,0.0124501666611691,-0.0027433245929006,0.0049512753761387,0.0139470613464236
f02_ra144_p15,15.0,2,0.525,0.0658651272502336,0.0650270184341638,0.0481205282563818,0.0492022403818097,-0.008468445450374,0.0002291064988207,0.004792979069572,0.000977266926455
f02_ra144_p15,15.0,4,1.05,0.044987856683827,0.0413716368855322,0.0225499551299051,0.0346530283056914,0.0097934777591397,0.0013104764850011,-0.0018008813688132,0.0016172097494207
f02_ra144_p15,15.0,8,2.1,0.0321263072174349,0.0270729111542545,0.0187798911059811,0.0156311313224768,0.0055526474071797,-0.0075158386044414,0.0115788888304285,-0.0102295093606719
f03_ra036_m35,-35.0,1,0.2625,0.1429233327193244,0.1119643807506778,0.1032405128166369,0.1068742490981129,-0.005740910753726,0.0124881950893697,-0.0026347885651625,0.0005172852293637
f03_ra036_m35,-35.0,2,0.525,0.0956773460495153,0.0723986617865827,0.0613956372484973,0.0586870940655334,-0.0083169376759382,-0.0136418530444081,-0.0036035177635565,0.0035726645419202
f03_ra036_m35,-35.0,4,1.05,0.0712592290744981,0.0440247574444915,0.0364950973053038,0.0239197265793116,0.0020928458821845,-0.0076099017209483,-0.0067233486782294,0.0025886243869166
f03_ra036_m35,-35.0,8,2.1,0.0506388674682084,0.0255819541460612,0.027881877269395,0.007710536565483,0.0040889561359148,-0.0013243066450566,-0.0099847702719061,0.0088730484649894
f04_ra180_m05,-5.0,1,0.2625,0.0550243705390302,0.0510957605179453,0.036137404042495,0.0418901230499278,0.0100685935052204,0.0086161508805787,-0.009989543525319,-0.0083551861188087
f04_ra180_m05,-5.0,2,0.525,0.0291522791385201,0.0294691543100482,0.0131402335300778,0.0205526451657701,0.0096447747196668,-0.0051198038477717,0.0026181458523741,-0.0109530210547509
f04_ra180_m05,-5.0,4,1.05,0.0182732542946849,0.0197604995137851,0.0007448526917181,0.0080618054958212,0.0044640655220565,-0.0114579505203119,0.0128784549359004,0.0139538858592779
f04_ra180_m05,-5.0,8,2.1,0.0050970685066039,0.0051206880320297,-0.0044986103211862,-0.0046164306419327,0.0044190875109401,-0.0020912983216475,0.0021885203485345,-0.0066177814788253
f05_ra276_m55,-55.0,1,0.2625,0.0563193132626309,0.0364014569430154,0.0167783695641522,0.028627582157216,0.0010448315780184,0.0026153143067641,-0.0062432719990953,-0.0005240978697518
f05_ra276_m55,-55.0,2,0.525,0.0269373097512288,0.0160091145618017,-0.0014269318018741,0.0086224892311575,-0.0022198049556699,0.0020283870857987,-0.0036592537811322,-0.0027878239094761
f05_ra276_m55,-55.0,4,1.05,0.0146344443921908,0.0116236627318303,-0.0066379018987916,-0.0033054025167055,-0.0004359584227031,0.0075908189830709,0.0059433743552507,-0.0138367805422486
f05_ra276_m55,-55.0,8,2.1,0.0156770153878859,0.0099487162590787,0.0049770520573097,-0.0084123334250572,-0.0047174655663424,-0.0091623566447147,0.0045338285263687,-0.001324936556789
f06_ra072_m05,-5.0,1,0.2625,0.0859982010032167,0.0701527738228421,0.0565611747847735,0.0535055121100387,0.0034984086813039,-0.0044833062573945,0.0137641089771588,-0.0119916888921706
f06_ra072_m05,-5.0,2,0.525,0.0479913001390917,0.0365917488413859,0.026933853949823,0.0220196265443238,-0.0084835794082384,0.0045115052462193,0.0004493895637056,0.0074835223126022
f06_ra072_m05,-5.0,4,1.05,0.0358275475672101,0.0265245601974916,0.0144720600084101,0.0138303747746348,-0.0021053173346694,-0.0043859140166791,-0.0043890336106349,-0.0026787438883534
f06_ra072_m05,-5.0,8,2.1,0.0190102816511979,0.0105600728654424,0.0105522603110287,-0.0026336482133056,0.0065933660939872,-0.002123173018396,-0.0085616601440145,-0.0045867587897518
f07_ra216_m05,-5.0,1,0.2625,0.0564013871714498,0.049852661998074,0.0312655067516507,0.0304427884135134,0.0049208735507432,-0.0059492050079672,-0.0078918123093161,0.008644627644429
f07_ra216_m05,-5.0,2,0.525,0.029719432234851,0.025180171812242,0.0061590914460271,0.016555770347653,0.0051692426772495,-0.0049388501346089,0.006300254505915,-0.0069187236813464
f07_ra216_m05,-5.0,4,1.05,0.0198997941019371,0.0191102677806463,0.0045002189620166,0.0016721203169469,-0.0063529557142543,0.0048420121340133,-0.0118019803006252,0.004742148718976
f07_ra216_m05,-5.0,8,2.1,0.0126242557459652,0.0083845050550895,-0.0023033815028689,-0.0089922807960908,0.0122824905532752,-0.0041423663618489,-0.009434484449228,-0.0110896787664891
f08_ra336_m25,-25.0,1,0.2625,0.0830910229734305,0.0712074743755024,0.0539647535780639,0.0603895254063546,-0.0038968515028693,-0.0026413501502756,-0.0087898701096403,-0.0038774330886505
f08_ra336_m25,-25.0,2,0.525,0.0500488519904661,0.0437349742121162,0.0277023423896433,0.0344766958663172,-0.0009737258574845,0.0035140230681583,0.0027393662474958,0.0012103342888313
f08_ra336_m25,-25.0,4,1.05,0.0328451101468969,0.031538263230669,0.011077784369671,0.0175082117985825,0.0058058889375689,-0.0041021180941268,0.0018127627596283,0.0033722929932392
f08_ra336_m25,-25.0,8,2.1,0.017751074166661,0.017057582792273,-0.0024257570214924,-0.0026695094463204,-0.0011496500336228,-0.0075326076979652,0.0057424326757556,0.0064549309276628
f09_ra216_p15,15.0,1,0.2625,0.0704974874648196,0.0665758022408099,0.0519372592671685,0.0538678736456439,-0.0046189904747145,0.0053665308084177,0.0025403341714553,-0.0076927749558632
f09_ra216_p15,15.0,2,0.525,0.0444112790908969,0.0410912316515104,0.0265181312807301,0.0245276817474511,0.0047584129528939,-0.0027084495468701,-0.0074684235216945,0.0033738192900162
f09_ra216_p15,15.0,4,1.05,0.0296142855450023,0.0285487152650714,0.0158827030140621,0.0159540513140184,0.0010510792960176,-0.0039276393419048,-0.0025509615758534,0.0011214022279667
f09_ra216_p15,15.0,8,2.1,0.0153736401919749,0.0125513124016201,0.0035003883320402,-0.004470931364935,0.0010252466480258,0.0002377817465817,-0.0016243950039978,0.007816159317553
f10_ra240_m35,-35.0,1,0.2625,0.1327205939831024,0.1163869800820438,0.1041584406247221,0.0976950698659983,0.0073460994395031,-0.0018789189656574,0.0044949490334861,0.0035687803025692
f10_ra240_m35,-35.0,2,0.525,0.0872503480561698,0.0774786722537267,0.0614757076321387,0.0559024708838163,-0.0027022515690771,0.0051345282081144,0.0075618190438534,0.0014536254168618
f10_ra240_m35,-35.0,4,1.05,0.0578081032247248,0.0515145374715809,0.035496305152129,0.026268515831524,0.0059184681388828,-0.0021240593965617,-0.0008230716291494,-0.0017690689745883
f10_ra240_m35,-35.0,8,2.1,0.0387116020403306,0.0261562670896999,0.0245559473595962,0.0077472680432344,-0.0010248103853931,0.0078761312102287,0.0058896479888534,-0.0071714669914698
f11_ra060_m35,-35.0,1,0.2625,0.1067727214063048,0.0929955883558632,0.0778268330017412,0.0711503979996379,-0.0016081609437048,0.0064977553673892,-0.0044406894766551,0.0079374776031804
f11_ra060_m35,-35.0,2,0.525,0.0671800880938406,0.0572212166743545,0.0443480995215365,0.0396248272440375,0.001189211540968,-0.0039958079245584,0.0073668944484566,-0.0052657951967416
f11_ra060_m35,-35.0,4,1.05,0.0431689393329786,0.037409884929185,0.0272816229820792,0.0195216743900154,-0.0081088019631007,0.0044183127283626,0.0062967066424264,-0.0027980986730095
f11_ra060_m35,-35.0,8,2.1,0.0285697975735109,0.0171664961356773,0.016069713629254,-0.0048465418548303,-0.0064901745433996,-0.0014279243389566,0.0040177145832836,-0.0059597521069677
f12_ra312_m05,-5.0,1,0.2625,0.0768619363178823,0.0666616879155365,0.0492483189307322,0.0490546936236294,-0.0079501978918168,0.0016279262044795,0.0057354501917824,0.0077648439431261
f12_ra312_m05,-5.0,2,0.525,0.0448373114690744,0.0374901772721587,0.0269553040495069,0.0201721637904899,-0.0076244963960433,0.0036365413621962,-0.0022953413461942,-0.0001714833814872
f12_ra312_m05,-5.0,4,1.05,0.0275631716210519,0.0223287071551767,0.0138047588883425,0.0048730068866568,0.0068112199350483,0.0001105652526223,0.0037815136170185,-0.0035444651523594
f12_ra312_m05,-5.0,8,2.1,0.0191147837450806,0.0105257755048941,0.0066229002644868,-0.0054329027665492,0.0006931403474539,0.006769106108835,-0.0055309601664101,0.0016999979191631
f13_ra228_p05,5.0,1,0.2625,0.0708542403463146,0.0713132424042626,0.0505150886493217,0.0535105579822357,0.0109867483402776,-0.0012570968941964,-0.0011162679279043,-0.0041481696266721
f13_ra228_p05,5.0,2,0.525,0.0430985898500254,0.045359023430933,0.0250930796602793,0.029986632422477,0.008666401486581,-0.004453662756548,0.0011943563184292,-0.0044979297035946
f13_ra228_p05,5.0,4,1.05,0.0280751388766949,0.0284258951928862,0.0174486264046425,0.0166199030014559,-0.0012450645177535,0.0013780465476649,0.0022658405792892,-0.0037562584675201
f13_ra228_p05,5.0,8,2.1,0.0165919828386972,0.0157668726334348,0.0024056038423402,-0.0075491455614147,0.0030238738450307,-0.0071695835160201,-0.0023221339123634,0.0092998417421645
f14_ra264_m05,-5.0,1,0.2625,0.0923770420432855,0.073107701055253,0.0634147974713113,0.0585655963113018,0.0045452225422077,-0.0040114692373325,-0.0015082651036089,0.0044365502481826
f14_ra264_m05,-5.0,2,0.525,0.0526437205804496,0.0354689103570861,0.0316018428766773,0.0182525080461301,-0.0037586245775892,-0.0074205787064707,-0.0079387983991509,-0.004764799593332
f14_ra264_m05,-5.0,4,1.05,0.0339060972187939,0.022886596216809,0.0163108663955546,0.0075456966734307,0.0073386838889436,-0.0009448406228636,0.0046583201087417,0.0036587102655656
f14_ra264_m05,-5.0,8,2.1,0.0248912854121064,0.0112554204267062,0.0103147923871212,-0.0058301873283346,0.0049599883235021,-0.0030693472431911,-0.0003553194676007,0.0061074255093532
f15_ra144_m25,-25.0,1,0.2625,0.0438643325027912,0.033049776377206,0.0138695508207065,0.0170402596539326,0.0028169124303865,-0.003590950534002,-0.0042159270259008,0.0059702007852994
f15_ra144_m25,-25.0,2,0.525,0.0172965215230135,0.0119491597346192,-0.0031491883224192,0.0057846320292962,-0.0063093104710086,-0.0018821082760242,0.0038656905930443,0.0001128312069729
f15_ra144_m25,-25.0,4,1.05,0.0053204140113949,0.0007573523980485,-0.0103783007229017,-0.0049949884857951,0.0046987231829907,-0.0055824387184935,-0.0063488328533638,0.0052537668207479
f15_ra144_m25,-25.0,8,2.1,0.0048558414261565,-0.0015526683644935,-0.0042197533226731,-0.0116905802724026,-0.0107417373224827,0.0006775525598136,0.0016361849048157,0.0020964931961298
f16_ra288_m25,-25.0,1,0.2625,0.1177842955100897,0.1065478189070159,0.0905552594000811,0.0871870847060456,-0.0008936870967782,-0.0033873887481506,0.0069662727183374,-0.0013909733575634
f16_ra288_m25,-25.0,2,0.525,0.0749890160642418,0.0660213127033798,0.0565929515113092,0.0480254243656732,-0.0021216281127901,-0.0029628160432622,-0.0033605324531663,0.0061641029419713
f16_ra288_m25,-25.0,4,1.05,0.051253984388074,0.0423664347481257,0.0343053580482498,0.0229026962816477,0.0037369730149469,-0.0016217500250745,0.0063015561835058,0.0028722372016182
f16_ra288_m25,-25.0,8,2.1,0.0327545629920718,0.0243639859364931,0.0205765451671543,0.0058782751530753,-0.0001415864656476,0.0039006248019978,-0.0042662699763305,-0.0053809884186518
f17_ra048_m15,-15.0,1,0.2625,0.0548284372792802,0.0477808251653634,0.0311575223412735,0.0327438159269055,-0.001383125402038,0.0066850326208158,-0.0044757592418239,0.0012283822046644
f17_ra048_m15,-15.0,2,0.525,0.0283941895612543,0.0227250507843226,0.0057443870369512,0.0145603093165625,0.0022910814189279,-0.0061999474208978,-0.0088780831433705,-0.0098584550521066
f17_ra048_m15,-15.0,4,1.05,0.0166938611688454,0.0126724978418053,-0.0011961518040793,0.0045559333798727,0.0020937914407494,0.0065280458270783,0.0055144386682249,0.0068231361395224
f17_ra048_m15,-15.0,8,2.1,0.0087006516892358,0.0047436038839198,-0.0035128606499255,-0.0054355441023594,-0.0003338678567827,-0.0038755598566932,-0.0119372017208081,-0.0063473464748683
f18_ra096_m15,-15.0,1,0.2625,0.0599335945656923,0.0528042508609709,0.0384411343025654,0.0374644201984297,-0.0023870899798568,-0.0028905274966749,-0.0041623115139988,0.0119455008889208
f18_ra096_m15,-15.0,2,0.525,0.0340939054077693,0.0261919554751152,0.0121864596434841,0.017405506763062,-0.0048066666762493,0.0035034796385261,-0.0065058687169406,-0.0037185573853252
f18_ra096_m15,-15.0,4,1.05,0.0201489146956386,0.0132839012545273,0.0023821004624717,0.0043144334534284,-0.0001774521769578,-0.0011367197596458,0.0047653432679454,-0.003473748345707
f18_ra096_m15,-15.0,8,2.1,0.0106394197498244,0.0065930962045725,-0.0060487665862871,-0.0047420701007647,-0.0057891557189654,-0.0002508592294394,-0.0035502701612414,-0.005752031468615
f19_ra132_p25,25.0,1,0.2625,0.0642913245425917,0.0681188209494134,0.0463171724105655,0.0494010781976996,0.005740766973073,-0.0019775129702469,0.0044694208207659,0.0046495288534424
f19_ra132_p25,25.0,2,0.525,0.0367697964075245,0.0435558252344067,0.0176430781397485,0.0258164967650586,-0.0014407652572031,-0.0012363786220688,0.0043464677494231,0.0010266292500823
f19_ra132_p25,25.0,4,1.05,0.0206756875818307,0.0256533264086019,0.005357305146738,0.0134350342133317,-0.0004491190167656,-0.0047966841294013,0.0044395487031697,-0.0033693437957153
f19_ra132_p25,25.0,8,2.1,0.0096884873410999,0.0147000012005778,-0.0023667917680864,-0.0016154955868861,-0.0003068485580145,-0.0003934233340026,0.0048129907957849,-0.0093472948676483
f20_ra120_p25,25.0,1,0.2625,0.0576191088662624,0.0581350729991859,0.0375327977721345,0.0381852502764801,0.0053166070038234,0.0001315389794259,0.0004229642570939,-0.002418392389846
f20_ra120_p25,25.0,2,0.525,0.0300350406210421,0.035548152283876,0.0100205093152888,0.0179462785808162,-0.0069019850230947,0.0046312005955853,0.0019599333359277,0.0015422725097065
f20_ra120_p25,25.0,4,1.05,0.0174558854082981,0.0227572523250027,-0.0009688342084469,0.0098300533328688,0.0005013681820725,0.002454509815973,0.0076744148383948,-0.0079693970581918
f20_ra120_p25,25.0,8,2.1,0.007091254160192,0.0149408909298035,-0.0073233598676023,-0.0008024994138395,0.0027860997028205,-0.0003133450183075,-0.0063644570434084,0.0034063355432606
f21_ra084_p05,5.0,1,0.2625,0.0455990446185011,0.0495230655571251,0.0255485068426725,0.0257443128626926,0.0010706068508707,0.0027622809089576,0.0108483186566135,-0.0059912040239683
f21_ra084_p05,5.0,2,0.525,0.0218579360896349,0.0290266001287107,0.0045348814459101,0.0136335827504983,-0.0054245067389706,-0.0009822359926701,-0.0020965603972601,-0.0062990598085825
f21_ra084_p05,5.0,4,1.05,0.0114963519616855,0.0188968143690795,-0.0045782434032277,0.0037172313744285,-0.0059058585464555,-0.0016662632723265,-0.0004754272614566,0.0005732167749033
f21_ra084_p05,5.0,8,2.1,0.0029044127660173,0.0128159827025036,-0.0104638169492494,-0.0026661508303732,0.0024958557356818,0.005334197407474,-0.0057575733616479,0.0057198056622542
f22_ra036_p05,5.0,1,0.2625,0.085647199043163,0.0812392977428925,0.0663456410131234,0.0623365302358774,-0.0023187244925184,0.0016877472462882,0.0075483857050813,-0.0069924575787391
f22_ra036_p05,5.0,2,0.525,0.0544353327335668,0.0501367070652724,0.0373325279319984,0.0343521950341197,0.0009737699361491,-0.005285316536769,-0.0003324114572892,-0.001926462028246
f22_ra036_p05,5.0,4,1.05,0.0339420820295212,0.0313445754405973,0.0207459706463814,0.013167948114374,-0.006777044033298,0.0014871973431279,-0.0056626918928279,0.0004089464801017
f22_ra036_p05,5.0,8,2.1,0.0201018202663509,0.0113915322187104,0.009848409921699,-0.0046393208543493,0.0014346496169723,-0.007233217473945,0.0068384043760099,-0.0030424312042204
f23_ra012_m35,-35.0,1,0.2625,0.0705757806448125,0.0561631148796805,0.0406984076607936,0.0445219465140086,0.0093522548623486,-0.0014445859745932,-0.005955847350234,-0.0023872825658138
f23_ra012_m35,-35.0,2,0.525,0.0406822053318691,0.0294387043034856,0.0138443407767931,0.0233171749952469,0.0071328728574776,-0.0001120686633853,0.005640583447687,-0.0014353012510582
f23_ra012_m35,-35.0,4,1.05,0.0260964438104457,0.0176995474202375,0.002730911289803,0.0081624786465891,0.0010725867833864,-0.0066528944322603,0.0001812076471298,-0.0041359290154636
f23_ra012_m35,-35.0,8,2.1,0.0197688394540908,0.0091059061671839,0.0046222725652034,-0.0059290101297349,0.0058590434887601,-0.0003583412326416,-0.0036632585092526,-0.0060163683113367
f24_ra012_m55,-55.0,1,0.2625,0.0607452019357654,0.0487672894471335,0.0291779540059591,0.0384478809765087,-0.0021607741088499,0.0027935367347825,0.0023455473183044,-0.007901749850706
f24_ra012_m55,-55.0,2,0.525,0.0334933699684337,0.0232887311381504,0.003208949430436,0.0179002054458451,0.0029483049453094,0.0088990130131588,-0.0025318136914938,0.0005415557564657
f24_ra012_m55,-55.0,4,1.05,0.0200799935485809,0.0145249238361064,-0.0057977685471019,0.0038683305798606,-0.0023371961756903,-0.0044653915026262,0.0003686803364239,0.0089083865222118
f24_ra012_m55,-55.0,8,2.1,0.0132662415108274,0.0078541217897738,-0.0046142540640377,-0.0078536438644175,-0.0028389528697652,0.0055786004961701,-0.0041367782725822,0.0006390996340169
f25_ra228_m35,-35.0,1,0.2625,0.0834171779070835,0.0698375868223636,0.0492972624417137,0.0507091801635701,0.0043698818233689,-0.0086994193592392,0.0034484730538415,-0.0039309626466256
f25_ra228_m35,-35.0,2,0.525,0.052459799324175,0.0383893205392207,0.0262914745771146,0.0198160211692493,-0.004776508116152,-0.0016332144307591,-0.0054232360906905,0.0089381403410118
f25_ra228_m35,-35.0,4,1.05,0.0373064205439394,0.0257505132495268,0.0139524080613516,0.0046294730786286,-0.0004701445472796,0.0011100339740889,-0.0020888147176336,-0.0007903415047088
f25_ra228_m35,-35.0,8,2.1,0.0257913077098681,0.0122487388979667,0.0134132157904702,-0.0059232996257048,-0.0038245684549424,-0.0040590874641742,0.0056294899970588,0.0046342840573876
f26_ra312_p05,5.0,1,0.2625,0.0428361915872564,0.0409277338076641,0.0229769819496089,0.0202182541722219,-0.0006850719586211,0.0060743806531341,-0.0013894771669641,0.0004755518957274
f26_ra312_p05,5.0,2,0.525,0.0205162530217133,0.0192679669571599,0.0037962770989346,0.0023354666326445,-0.0064615970860797,0.0027088787605469,0.0014459703827853,0.0005212694993509
f26_ra312_p05,5.0,4,1.05,0.0083726694352413,0.0086985615138033,-0.0073924806467561,-0.0074782307144845,-0.0032372434965528,-0.0008126279553195,-0.0063322819103141,-0.0068172402468725
f26_ra312_p05,5.0,8,2.1,0.0004612579941144,0.0036030532241197,-0.0095802029757243,-0.0137564369467813,-0.0079061729338097,-0.0042267150204224,-0.0051589306162601,-0.0027924485464288
f27_ra060_m05,-5.0,1,0.2625,0.0404617881445953,0.0342080666512134,0.0189103895880202,0.0192330880092142,0.0046498167083898,0.0027314001580512,-0.0056443743547596,-0.0019996104560783
f27_ra060_m05,-5.0,2,0.525,0.0181907601564136,0.0134154128918275,-0.0022276175735615,0.0049392578287968,0.0025057847666605,-0.001668235942394,0.0081440606643996,0.0006485388680056
f27_ra060_m05,-5.0,4,1.05,0.0082167803620487,0.0050406306958979,-0.0063247962436368,-0.0010535587546647,-0.0050086634788719,-0.0044231460671185,-0.004717743731917,0.0053323612054451
f27_ra060_m05,-5.0,8,2.1,0.0013039169582812,0.0008900256777612,-0.0078963749555797,-0.0107957823629866,-0.0054982123574684,-0.0005852881196855,-0.0013185255285275,0.0059655631595653
f28_ra192_p05,5.0,1,0.2625,0.065595733529238,0.066273715808449,0.0450002770646309,0.0476629550563766,-0.0025378038297023,0.004152053426034,0.0006311811993823,0.0003034808120423
f28_ra192_p05,5.0,2,0.525,0.0364715794857162,0.041429751623173,0.0155223345352088,0.0251763180693217,-0.000506642448582,0.0008185684171231,0.000300387898683,-0.0035156794633616
f28_ra192_p05,5.0,4,1.05,0.0205685833289003,0.0256132831994787,0.0057260797255391,0.0137669004551317,0.003582041801821,-0.0030297529341239,-0.004658696341289,0.0001334316445293
f28_ra192_p05,5.0,8,2.1,0.0096723130520862,0.0143965680617538,-0.0017424756132711,-0.0013518724202504,0.0023740106712836,0.0061121177072077,-0.0004179928775152,0.0019113751602854
f29_ra312_m25,-25.0,1,0.2625,0.0588798667159644,0.0473912774630667,0.0307613225005234,0.0297108519271685,0.0061833367065687,-0.0004741862345656,-0.0034967296584686,-0.0035785304591316
f29_ra312_m25,-25.0,2,0.525,0.031216671027571,0.0230285590676767,0.0068429494992088,0.012143553508319,0.0038371409193216,-0.0007832349426307,0.0034852510960922,-0.0018820613897176
f29_ra312_m25,-25.0,4,1.05,0.0218017369141665,0.0162805626482901,-0.0015198192990528,0.0027611830526312,0.0046093904397814,0.0035559934879852,0.0058264784248809,-0.0037267944543174
f29_ra312_m25,-25.0,8,2.1,0.0164482045117185,0.0080643281614535,-0.0013220382663059,-0.0064162045248087,0.0020279525925361,-0.001246003871962,-0.0053685156751965,0.0032582746760099
f30_ra000_m45,-45.0,1,0.2625,0.0700970737096054,0.0564213489661249,0.0407781410141492,0.0412434867254989,-0.0046259217724542,-0.0025837787142759,-0.0055739127011177,-0.0097477384960307
f30_ra000_m45,-45.0,2,0.525,0.0391387982595359,0.027303300921296,0.0163700857976356,0.0148811084990654,-0.0010106433625939,-0.0044633053448964,0.0023926749248728,0.0014818471614425
f30_ra000_m45,-45.0,4,1.05,0.0245878223716537,0.0146699584581234,0.004793869600972,-0.0039125215011667,-0.0027718989138205,0.0018195609128774,-0.0058493255442064,0.0030700640202282
f30_ra000_m45,-45.0,8,2.1,0.0161750526709367,0.0069669178784158,0.0038244227251575,-0.0121608118743697,-0.0018738827871365,-0.0044606129368481,-0.0036006351978679,0.0025163839831237
f31_ra132_p05,5.0,1,0.2625,0.0466950094252328,0.0514548800818594,0.0280498641698678,0.0314258291634857,-0.0065233530851704,0.0012374213368896,-0.0016580500441702,-0.0036837926424831
f31_ra132_p05,5.0,2,0.525,0.0234334835622438,0.0307945693825458,0.0043157720480682,0.0150362360247134,-0.0012106123772272,-0.0008009353030793,-0.0028820085384994,0.0045935208469757
f31_ra132_p05,5.0,4,1.05,0.013394546257328,0.0204924130007141,-0.0037496774788378,0.0078904443036942,0.0026337302300373,-0.0028113289793573,-0.001796649825872,0.0023594223506259
f31_ra132_p05,5.0,8,2.1,0.005293573448559,0.0148759813120211,-0.0098981975338534,-0.0019971651852358,-0.0048306817834843,0.0052019223950156,0.0057622429670721,-0.0053047895109988
f32_ra024_m35,-35.0,1,0.2625,0.0793612375720961,0.0661299171263115,0.0440914190054982,0.0462527160713273,-0.0011180570524455,-0.0039021398376844,-0.0063481975959484,0.0087688011256767
f32_ra024_m35,-35.0,2,0.525,0.0453833583940389,0.0354851610969127,0.0194915002365527,0.0215959860659776,-0.006618926664846,-0.0016998619419879,-0.0019289217192617,0.0061567503695252
f32_ra024_m35,-35.0,4,1.05,0.0308473329371809,0.0204767602594463,0.0053975952885138,0.0050758216230232,-0.0035745304686735,0.0043390109880139,0.0074787054446715,0.0023785369698974
f32_ra024_m35,-35.0,8,2.1,0.0201129039654447,0.0107786310299767,0.0048333845854738,-0.0078444282105152,-0.004916060765224,0.002661160898924,-0.0014334083956038,-0.0032044183983872
f33_ra348_p15,15.0,1,0.2625,0.0717020952375617,0.0688196928850634,0.0496511245856176,0.0512336413820548,0.0060098424858032,-0.0027685769564632,-0.0063951713337306,0.0015364680480792
f33_ra348_p15,15.0,2,0.525,0.0416035250281828,0.0394084431301403,0.0216441339327234,0.0243147494060881,-0.0049213073620767,0.0019551236911768,0.0057906904458144,-0.0021449788811016
f33_ra348_p15,15.0,4,1.05,0.0269062983563211,0.0257331697834925,0.0091196983922863,0.0128619443227428,-0.0017560984744618,-0.0053748628422047,0.0013980528951743,0.0073447411320933
f33_ra348_p15,15.0,8,2.1,0.0148798839458499,0.0134336480325543,-0.0002447577012189,-0.0036146237121347,0.0063640443082609,-0.0002499767246848,-0.0012248831031922,-0.0012797162133297
f34_ra000_m15,-15.0,1,0.2625,0.0694389103616304,0.0570529884868704,0.0412477050197109,0.0428027178627452,-0.0031410693398412,0.0069531928977038,-0.0098663007804561,-0.0055670885282156
f34_ra000_m15,-15.0,2,0.525,0.040367153205241,0.0282327122612858,0.0167811640749079,0.0168661246659797,0.0049514108541402,-0.0045842455330907,0.001317098067375,-0.0057082315972587
f34_ra000_m15,-15.0,4,1.05,0.0269390125688586,0.0178168975540401,0.0039648268841426,0.0021540579779682,0.0069370479128066,-0.0037533183181447,0.0067494142569306,-0.0027532620093178
f34_ra000_m15,-15.0,8,2.1,0.0184544668798261,0.0092469256123102,0.0034503266106436,-0.0085471465719788,-0.0030369715055528,-0.0013378159261231,-0.0005270510673131,-0.0045913421781493
f35_ra168_m25,-25.0,1,0.2625,0.0861150163985296,0.0737655925250492,0.0557138437616364,0.0551110440182331,-0.0088272488640487,-0.002735005312253,0.0043250376257435,-0.0004025935209219
f35_ra168_m25,-25.0,2,0.525,0.0507294312257246,0.0410718055362051,0.0303851714848207,0.024673255889991,-0.0038239709401404,0.0002728924193955,-0.0073514245607475,-0.005395203081081
f35_ra168_m25,-25.0,4,1.05,0.0350356899261505,0.0271428692469079,0.0168899865837965,0.0073611303576382,-0.0040858788250808,-0.0065661621249553,0.0022049654772321,0.0042660835455713
f35_ra168_m25,-25.0,8,2.1,0.0223757645839784,0.0160352244042884,0.0085672027292957,-0.0048042406095439,-0.0053033682202832,-0.0078793723494586,0.0047148009345984,-0.0059289049193205
f36_ra168_m45,-45.0,1,0.2625,0.0560207643877755,0.0484831552582626,0.0304621891934445,0.0328571807122693,0.0064740435911382,-0.0042243990645489,-0.0021868547939401,0.0067346353186752
f36_ra168_m45,-45.0,2,0.525,0.0302767035309248,0.0229486963388175,0.0067830435470223,0.0146815021342449,0.0016158290546511,-0.0069858766229992,-0.0013661606242991,0.0036823150934476
f36_ra168_m45,-45.0,4,1.05,0.0186309320179059,0.0126557165327568,-0.0014962914408505,0.0049045072194369,-0.0069938588303634,0.0054053764310234,0.0023760341667582,-0.0066478407244222
f36_ra168_m45,-45.0,8,2.1,0.0118745106822762,0.0046360055467549,-0.0051793279423896,-0.0092503061210903,0.0023275454968983,-0.0010436315641915,0.0022850097745245,-0.0022981045387351
f37_ra336_m55,-55.0,1,0.2625,0.0622698188147143,0.0506224917751169,0.0314160137789963,0.0366593538552083,0.005564245208148,-0.002356664585359,-0.0088102035189572,0.0039337265195476
f37_ra336_m55,-55.0,2,0.525,0.0335782713551632,0.024562084552782,0.0056430778567605,0.0153019529539652,-0.004283940434358,-0.0074523627485675,0.0046390122459679,-0.0035867663576864
f37_ra336_m55,-55.0,4,1.05,0.0209844515358563,0.0148926989506835,-0.0034955091044903,0.0059003649280753,0.0032494445912994,-0.0032877428077038,-0.0010202870866168,0.0015402233940989
f37_ra336_m55,-55.0,8,2.1,0.0149990329065096,0.0077737335781595,-0.0012859535203443,-0.0087371531583259,-0.0027479399332421,-0.0009780907966929,-0.0037048742610316,0.0014714035774665
f38_ra084_m05,-5.0,1,0.2625,0.1060121756065629,0.0903281398447078,0.070027992602221,0.067174208297199,0.0027660870808186,-0.0036820839207598,0.005315122414863,-0.0055365897478364
f38_ra084_m05,-5.0,2,0.525,0.0664086349686601,0.052316461784473,0.041348585265234,0.0311823095950589,-0.0023586209304096,0.0060742231490109,-0.0054525718135537,-0.0010814073313339
f38_ra084_m05,-5.0,4,1.05,0.0443611631716587,0.0348669578544373,0.0264825392835388,0.0135170714616439,0.0014743052441414,-0.0004615300239611,0.0012499498403828,0.0039776728145408
f38_ra084_m05,-5.0,8,2.1,0.0307876768541814,0.0203280887814547,0.0153168934690188,0.0001127296798474,-0.0010301992317211,-0.0017542946618568,0.0002128412071682,-0.0037293754759915
f39_ra084_m55,-55.0,1,0.2625,0.0668788810879457,0.0554631725141679,0.0361890373707468,0.0425044013192058,-0.0007153120925357,-0.0040166370428031,-0.0011763341081065,0.0007266022967946
f39_ra084_m55,-55.0,2,0.525,0.0371983728199288,0.0275094942414859,0.0110688381482083,0.0184696327162536,0.0041915422632293,-0.0038120450965697,-0.0041604575521566,0.0065104466056187
f39_ra084_m55,-55.0,4,1.05,0.0250556924467343,0.0161912560314575,-0.0024317564472876,0.0064413405020113,-0.0008631718788852,0.0054309115331492,-0.0047641770649613,-0.0078536293470313
f39_ra084_m55,-55.0,8,2.1,0.0195653730240802,0.010498909669488,0.0003185770754939,-0.0081854046118073,0.0057386509456836,-0.0048457375073535,0.0010174909403734,-0.004406368699867
f40_ra192_m35,-35.0,1,0.2625,0.081208846587015,0.067786672821224,0.0480196590749243,0.050923484021188,0.0025347847196455,-0.0017504577928736,-0.0047604112891944,0.0049907627893778
f40_ra192_m35,-35.0,2,0.525,0.0483809260445096,0.036909199945134,0.0227282252145484,0.0240532588756507,0.001936723381819,-0.0006433558253697,0.0002547374731725,0.0039698072627594
f40_ra192_m35,-35.0,4,1.05,0.0335336402550281,0.024777965846789,0.0083744294905688,0.0079464047894388,-0.0059038509657698,0.0022015818803043,0.0069891298865755,-0.0030109999421583
f40_ra192_m35,-35.0,8,2.1,0.024888887883554,0.0121560101894204,0.0080024778264619,-0.0060158317144442,0.0011344768007103,-0.0002386848567075,-0.0045077343645609,-0.0057139973149258
f41_ra348_m25,-25.0,1,0.2625,0.0645276089421237,0.0530077410158424,0.0340212483387553,0.0357617502609519,-0.0042171127201275,-0.0030131080320557,0.000212433723612,-0.0058434670669206
f41_ra348_m25,-25.0,2,0.525,0.0347622371078492,0.0257611630906062,0.0075645923825984,0.0144823125030259,-0.0066817263733772,0.0007675554569958,0.0043495259215776,-0.0036798000578559
f41_ra348_m25,-25.0,4,1.05,0.0218123336154859,0.0156251424447818,-0.0026318745482533,0.0043486510433768,0.0040675787434947,-0.0021699349916954,-0.003196296135743,0.0063277248789958
f41_ra348_m25,-25.0,8,2.1,0.0147562558697254,0.0075775026272354,-0.0013763190893584,-0.0084459080466135,-0.0040170894161038,0.0036865234632224,0.0042295459250128,-0.0049790132807293
f42_ra252_m05,-5.0,1,0.2625,0.0433270083093945,0.0387716822523557,0.020380175469739,0.0235948012599825,-0.0033224721954704,0.0030342181228659,0.0030795479395339,0.000792939559284
f42_ra252_m05,-5.0,2,0.525,0.0201718252148165,0.0167420315246019,-0.0005279146331632,0.0071660300661969,-0.0071093363909128,-0.0058907977081354,-0.0004551985288646,-0.0015779377350828
f42_ra252_m05,-5.0,4,1.05,0.0095511951895166,0.0062309117304591,-0.0065995437377257,-0.0021451800239402,0.0044367370662353,-0.0011810894916884,-0.0023327182476622,0.0014277829305655
f42_ra252_m05,-5.0,8,2.1,0.0026807649739838,0.0010978796023574,-0.0079490342138544,-0.0107261496533523,-0.0057868496477988,0.005149845127792,-0.0027209617291305,0.000158903193542
f43_ra192_m05,-5.0,1,0.2625,0.0714255654834425,0.0614672875065839,0.0423691265681576,0.0414822200977558,0.0060658180914632,-0.0045347007881863,0.0005715414247982,0.002788048563256
f43_ra192_m05,-5.0,2,0.525,0.0414430551345992,0.0335435011999994,0.0153113226039115,0.0206590059643494,-0.0013856556555446,-0.0001477029813366,-0.0034699497872417,0.0029806948235671
f43_ra192_m05,-5.0,4,1.05,0.0278294877871631,0.0210569802173315,0.0035367937651829,0.0066184971901928,-0.0044203270888249,0.0011548317589417,-0.0015461505383624,-0.0028557577795663
f43_ra192_m05,-5.0,8,2.1,0.0194163052559125,0.0095785995739672,0.002160297662168,-0.0088758750705887,-0.0005408236826508,-0.0044984919395749,0.0036003070503784,-0.0014651068964728
f44_ra240_m25,-25.0,1,0.2625,0.0789823915000649,0.065478245931783,0.0470631293351881,0.0483053751697147,-0.0011156455400821,-0.0037288714493429,-0.0028486754084782,0.0049869005092342
f44_ra240_m25,-25.0,2,0.525,0.0463101126214931,0.0365889387636667,0.0189708878037978,0.0235884708318431,-0.0061145878581324,0.000430744027233,-0.0038575385986223,-0.0019870107891689
f44_ra240_m25,-25.0,4,1.05,0.0308091854999841,0.0234882276888972,0.0045593352842799,0.0073797600812485,0.0016928382544284,-0.0019474521142986,0.0042337418006564,-0.0043426474092433
f44_ra240_m25,-25.0,8,2.1,0.0217785693597336,0.0112909171734564,0.004032415232894,-0.0076401124939439,-0.0032494346456505,0.005108255281162,-0.0058462175035584,0.0037757628080838
f45_ra216_p05,5.0,1,0.2625,0.0755764767482562,0.076599928986815,0.0549126226815386,0.0563610663241828,0.0068577537536039,-0.0025380364694176,-0.003601143639161,0.0015093612427264
f45_ra216_p05,5.0,2,0.525,0.0452299318290299,0.0498502371401493,0.0256230129830916,0.0308533213457646,-0.0057037150222175,0.0034639709266904,0.0020277367787174,-0.0054771328926248
f45_ra216_p05,5.0,4,1.05,0.0308243458386206,0.0346964788281207,0.0137059507341182,0.0177959441737937,0.0039588183517999,-0.0032050468683429,-0.001153240382076,0.0036297742681762
f45_ra216_p05,5.0,8,2.1,0.017763126392609,0.0195266118921249,0.0001453257413774,-0.002912252480615,0.0050442924819881,0.0015633540150217,-0.0021110905622614,-0.0008621561988045
f46_ra000_p25,25.0,1,0.2625,0.0520601004491875,0.0558757944844263,0.0335098581986623,0.0353392103295089,-0.0001509887950672,-0.0011069642653766,-0.0046174244820556,0.0016211820611148
f46_ra000_p25,25.0,2,0.525,0.0254504841638231,0.0320429933872552,0.0074165414330222,0.0144054087187599,0.0046236854005296,-0.0036184061202601,0.0030328788017944,-0.002305367746436
f46_ra000_p25,25.0,4,1.05,0.013129754366447,0.0200662556683862,-0.005182506719573,0.0051722983584693,-0.0015827824250856,-0.0014195323208236,0.0014164023741218,0.0076263250319418
f46_ra000_p25,25.0,8,2.1,0.0043588180081714,0.0136280476396811,-0.0106053507420962,-0.0031833148378812,-0.0028955489017085,0.0048453899990376,0.0039057320403792,-0.0029935598997987
f47_ra132_m15,-15.0,1,0.2625,0.078591686106254,0.0678757445827468,0.0497984231396947,0.0501273541563228,-0.0014962922056286,-0.0012494544773287,0.0055340604270752,-0.0025381220829434
f47_ra132_m15,-15.0,2,0.525,0.0476648551257709,0.0371935436801569,0.0224858147165401,0.0241522449740977,0.0002899809305015,-0.0061152353485823,-0.0013589162502323,0.0060809769320215
f47_ra132_m15,-15.0,4,1.05,0.0328228524441585,0.0247323214136372,0.0077847259405537,0.0068711367521108,0.005361432793524,-0.0034536732965028,0.003440453716856,-0.004263214833876
f47_ra132_m15,-15.0,8,2.1,0.0232744277795841,0.0116688896388097,0.0074182430876251,-0.0075447695998971,0.0019055607010941,-0.0025342242565656,-0.0023043500071419,0.0032379335221819
