field,raw_real_rho,raw_shift_rho,adjusted_real_rho,adjusted_shift_rho,adjusted_advantage,coverage_count_rho,valid_cell_fraction,n_raw_patches,n_adjusted_patches
f00_ra156_p05,0.3768973699535061,0.11683971533687952,0.375,0.1207142857142857,0.2542857142857143,0.03759390305950343,1.0,49,49
f01_ra132_m05,0.6396591751870998,-0.11852343175876467,0.6413265306122449,-0.11581632653061223,0.7571428571428571,-0.019024892311099457,1.0,49,49
f02_ra144_p15,0.6242506188413629,0.18760682676581045,0.6175510204081632,0.181734693877551,0.4358163265306122,-0.07907829365468234,1.0,49,49
f03_ra036_m35,0.6094897959183673,-0.26387755102040816,0.6094897959183673,-0.26387755102040816,0.8733673469387755,-0.06157200193736342,1.0,49,49
f04_ra180_m05,0.2791836734693877,-0.03561224489795918,0.2794897959183673,-0.03469387755102041,0.3141836734693877,0.017723814284896576,1.0,49,49
f05_ra276_m55,0.0870408163265306,-0.06265306122448978,0.11632653061224489,-0.07806122448979591,0.19438775510204082,0.005521508769875143,1.0,49,49
f06_ra072_m05,0.5416326530612244,-0.08928571428571427,0.5416326530612244,-0.08928571428571427,0.6309183673469387,-0.04439119281739655,1.0,49,49
f07_ra216_m05,0.4238775510204081,0.08622448979591836,0.4238775510204081,0.08622448979591836,0.33765306122448974,-0.002938740200474555,1.0,49,49
f08_ra336_m25,0.5449999999999999,-0.13459183673469385,0.5360204081632652,-0.13938775510204082,0.6754081632653061,0.06436472450971746,1.0,49,49
f09_ra216_p15,0.4837368301785828,-0.02826602720376911,0.48377551020408155,-0.02897959183673469,0.5127551020408162,-0.0779736960782882,1.0,49,49
f10_ra240_m35,0.8380612244897958,-0.1571428571428571,0.7132653061224489,0.06571428571428571,0.6475510204081631,0.19909580202219268,1.0,49,49
f11_ra060_m35,0.5608163265306122,0.06204081632653061,0.5608163265306122,0.06204081632653061,0.4987755102040816,0.07041601079898298,1.0,49,49
f12_ra312_m05,0.671530612244898,0.0360204081632653,0.6799999999999998,0.031428571428571424,0.6485714285714284,0.0029277870835456737,1.0,49,49
f13_ra228_p05,0.591851833147512,-0.11275797855655185,0.5921428571428571,-0.11183673469387753,0.7039795918367346,-0.0018765985088273261,1.0,49,49
f14_ra264_m05,,,,,,,0.0,0,0
f15_ra144_m25,0.16397959183673466,-0.07683673469387756,0.16234693877551018,-0.07785714285714285,0.24020408163265303,0.019016892409738313,1.0,49,49
f16_ra288_m25,,,,,,,0.0,0,0
f17_ra048_m15,0.11887755102040816,0.09683673469387753,0.11887755102040816,0.09683673469387753,0.022040816326530627,-0.024347257433266867,1.0,49,49
f18_ra096_m15,0.29622448979591837,-0.12653061224489795,0.34173469387755095,-0.11826530612244897,0.4599999999999999,-0.005370127035276384,1.0,49,49
f19_ra132_p25,0.4870408163265306,0.11020408163265306,0.4862244897959183,0.10948979591836734,0.376734693877551,0.03683699371922469,1.0,49,49
f20_ra120_p25,0.30741364395339477,0.07056482482780829,0.30520408163265306,0.07010204081632652,0.23510204081632652,0.005740559754460703,1.0,49,49
f21_ra084_p05,,,,,,,0.0,0,0
f22_ra036_p05,0.6816326530612244,-0.19040816326530613,0.6848979591836734,-0.19122448979591836,0.8761224489795917,-0.08258345701449861,1.0,49,49
f23_ra012_m35,0.2764285714285714,0.023877551020408165,0.2764285714285714,0.023877551020408165,0.25255102040816324,-0.0022002721649177,1.0,49,49
f24_ra012_m55,0.3574489795918367,-0.06520408163265307,0.3574489795918367,-0.06520408163265307,0.42265306122448976,-0.014495038823306654,1.0,49,49
f25_ra228_m35,0.3180612244897959,-0.021428571428571425,0.3521428571428571,-0.026836734693877547,0.37897959183673463,-0.003619477659810021,1.0,49,49
f26_ra312_p05,0.2982729152224444,0.4346029236853885,0.2988775510204081,0.43510204081632653,-0.13622448979591845,0.0036673103484499998,1.0,49,49
f27_ra060_m05,0.2978571428571428,0.26061224489795914,0.3006122448979591,0.2587755102040816,0.0418367346938775,-0.0480047395427753,1.0,49,49
f28_ra192_p05,0.3866935382262925,0.059032118185488903,0.38877551020408163,0.060102040816326516,0.3286734693877551,0.0197382738823605,1.0,49,49
f29_ra312_m25,0.33244897959183667,-0.22224489795918365,0.33244897959183667,-0.22224489795918365,0.5546938775510203,0.003137908125205981,1.0,49,49
f30_ra000_m45,0.4862244897959183,-0.058163265306122446,0.48642857142857143,-0.05795918367346938,0.5443877551020408,0.10684036163602519,1.0,49,49
f31_ra132_p05,0.20082144959212134,0.24480216340015193,0.20551020408163262,0.2426530612244898,-0.03714285714285717,0.01966536807545674,1.0,49,49
f32_ra024_m35,0.4939795918367346,-0.28795918367346934,0.4939795918367346,-0.28795918367346934,0.781938775510204,-0.01638585883317923,1.0,49,49
f33_ra348_p15,0.4246938775510204,-0.16193877551020408,0.4193877551020408,-0.15724489795918364,0.5766326530612245,0.0663886011702706,1.0,49,49
f34_ra000_m15,0.5818005563259551,-0.10092094189360161,0.5893517693695614,-0.10428837473737194,0.6936401441069333,-0.01137249122580004,1.0,49,49
f35_ra168_m25,0.6777551020408162,-0.1737755102040816,0.6680612244897959,-0.1646938775510204,0.8327551020408163,0.02178220782714352,1.0,49,49
f36_ra168_m45,0.22755102040816325,-0.1193877551020408,0.2411224489795918,-0.10693877551020406,0.3480612244897959,0.010398229624959546,1.0,49,49
f37_ra336_m55,0.3144467972144927,-0.18918849976818747,0.31357142857142856,-0.18928571428571425,0.5028571428571428,-0.03171041127839132,1.0,49,49
f38_ra084_m05,,,,,,,0.0,0,0
f39_ra084_m55,0.41051020408163263,-0.17387755102040817,0.41051020408163263,-0.17387755102040817,0.5843877551020408,0.028791447724625063,1.0,49,49
f40_ra192_m35,0.45030612244897955,-0.13499999999999998,0.4476530612244898,-0.13744897959183672,0.5851020408163266,-0.030663515591756403,1.0,49,49
f41_ra348_m25,0.33183673469387753,-0.1436734693877551,0.33489795918367343,-0.14357142857142857,0.478469387755102,0.039461056439038925,1.0,49,49
f42_ra252_m05,0.11035995819810936,0.11464578181745341,0.16979591836734692,0.17448979591836736,-0.004693877551020437,-0.014940594914442445,1.0,49,49
f43_ra192_m05,0.6338775510204081,0.07612244897959182,0.6374489795918366,0.07397959183673468,0.5634693877551019,-0.008734283691241409,1.0,49,49
f44_ra240_m25,0.36459183673469386,0.03510204081632653,0.28153061224489795,0.11826530612244897,0.163265306122449,0.04551285238692779,1.0,49,49
f45_ra216_p05,0.5332653061224489,-0.18397959183673468,0.5366326530612244,-0.18234693877551017,0.7189795918367345,-0.08794615099829098,1.0,49,49
f46_ra000_p25,0.29643613367129695,-0.14964667470876314,0.29520408163265305,-0.14887755102040814,0.4440816326530612,0.00463366132544404,1.0,49,49
f47_ra132_m15,0.4342857142857142,-0.17867346938775508,0.43540816326530607,-0.1793877551020408,0.6147959183673468,0.01813763015951616,1.0,49,49
